Wall time,Step,Value
1686339873.7683609,4250,7.184999942779541
1686340430.355343,8501,6.776000022888184
1686340988.709228,12752,6.659999847412109
1686341555.2550275,17003,6.635000228881836
1686342111.4620214,21254,6.552999973297119
1686342668.0878456,25505,6.484000205993652
